MealPassID,isRedeemed
MP_00001,false
MP_00002,false
MP_00003,false
MP_00004,false
MP_00005,false
MP_00006,false
MP_00007,false
MP_00008,false
MP_00009,false
MP_00010,false
MP_00011,false
MP_00012,false
MP_00013,false
MP_00014,false
MP_00015,false
MP_00016,false
MP_00017,false
MP_00018,false
MP_00019,false
MP_00020,false
MP_00021,false
MP_00022,false
MP_00023,false
MP_00024,false
MP_00025,false
MP_00026,false
MP_00027,false
MP_00028,false
MP_00029,false
MP_00030,false
MP_00031,false
MP_00032,false
MP_00033,false
MP_00034,false
MP_00035,false
MP_00036,false
MP_00037,false
MP_00038,false
MP_00039,false
MP_00040,false
MP_00041,false
MP_00042,false
MP_00043,false
MP_00044,false
MP_00045,false
MP_00046,false
MP_00047,false
MP_00048,false
MP_00049,false
MP_00050,false
MP_00051,false
MP_00052,false
MP_00053,false
MP_00054,false
MP_00055,false
MP_00056,false
MP_00057,false
MP_00058,false
MP_00059,false
MP_00060,false
MP_00061,false
MP_00062,false
MP_00063,false
MP_00064,false
MP_00065,false
MP_00066,false
MP_00067,false
MP_00068,false
MP_00069,false
MP_00070,false
MP_00071,false
MP_00072,false
MP_00073,false
MP_00074,false
MP_00075,false
MP_00076,false
MP_00077,false
MP_00078,false
MP_00079,false
MP_00080,false
MP_00081,false
MP_00082,false
MP_00083,false
MP_00084,false
MP_00085,false
MP_00086,false
MP_00087,false
MP_00088,false
MP_00089,false
MP_00090,false
MP_00091,false
MP_00092,false
MP_00093,false
MP_00094,false
MP_00095,false
MP_00096,false
MP_00097,false
MP_00098,false
MP_00099,false
MP_00100,false
MP_00101,false
MP_00102,false
MP_00103,false
MP_00104,false
MP_00105,false
MP_00106,false
MP_00107,false
MP_00108,false
MP_00109,false
MP_00110,false
MP_00111,false
MP_00112,false
MP_00113,false
MP_00114,false
MP_00115,false
MP_00116,false
MP_00117,false
MP_00118,false
MP_00119,false
MP_00120,false
MP_00121,false
MP_00122,false
MP_00123,false
MP_00124,false
MP_00125,false
MP_00126,false
MP_00127,false
MP_00128,false
MP_00129,false
MP_00130,false
MP_00131,false
MP_00132,false
MP_00133,false
MP_00134,false
MP_00135,false
MP_00136,false
MP_00137,false
MP_00138,false
MP_00139,false
MP_00140,false
MP_00141,false
MP_00142,false
MP_00143,false
MP_00144,false
MP_00145,false
MP_00146,false
MP_00147,false
MP_00148,false
MP_00149,false
MP_00150,false
MP_00151,false
MP_00152,false
MP_00153,false
MP_00154,false
MP_00155,false
MP_00156,false
MP_00157,false
MP_00158,false
MP_00159,false
MP_00160,false
MP_00161,false
MP_00162,false
MP_00163,false
MP_00164,false
MP_00165,false
MP_00166,false
MP_00167,false
MP_00168,false
MP_00169,false
MP_00170,false
MP_00171,false
MP_00172,false
MP_00173,false
MP_00174,false
MP_00175,false
MP_00176,false
MP_00177,false
MP_00178,false
MP_00179,false
MP_00180,false
MP_00181,false
MP_00182,false
MP_00183,false
MP_00184,false
MP_00185,false
MP_00186,false
MP_00187,false
MP_00188,false
MP_00189,false
MP_00190,false
MP_00191,false
MP_00192,false
MP_00193,false
MP_00194,false
MP_00195,false
MP_00196,false
MP_00197,false
MP_00198,false
MP_00199,false
MP_00200,false
MP_00201,false
MP_00202,false
MP_00203,false
MP_00204,false
MP_00205,false
MP_00206,false
MP_00207,false
MP_00208,false
MP_00209,false
MP_00210,false
MP_00211,false
MP_00212,false
MP_00213,false
MP_00214,false
MP_00215,false
MP_00216,false
MP_00217,false
MP_00218,false
MP_00219,false
MP_00220,false
MP_00221,false
MP_00222,false
MP_00223,false
MP_00224,false
MP_00225,false
MP_00226,false
MP_00227,false
MP_00228,false
MP_00229,false
MP_00230,false
MP_00231,false
MP_00232,false
MP_00233,false
MP_00234,false
MP_00235,false
MP_00236,false
MP_00237,false
MP_00238,false
MP_00239,false
MP_00240,false
MP_00241,false
MP_00242,false
MP_00243,false
MP_00244,false
MP_00245,false
MP_00246,false
MP_00247,false
MP_00248,false
MP_00249,false
MP_00250,false
MP_00251,false
MP_00252,false
MP_00253,false
MP_00254,false
MP_00255,false
MP_00256,false
MP_00257,false
MP_00258,false
MP_00259,false
MP_00260,false
MP_00261,false
MP_00262,false
MP_00263,false
MP_00264,false
MP_00265,false
MP_00266,false
MP_00267,false
MP_00268,false
MP_00269,false
MP_00270,false
MP_00271,false
MP_00272,false
MP_00273,false
MP_00274,false
MP_00275,false
MP_00276,false
MP_00277,false
MP_00278,false
MP_00279,false
MP_00280,false
MP_00281,false
MP_00282,false
MP_00283,false
MP_00284,false
MP_00285,false
MP_00286,false
MP_00287,false
MP_00288,false
MP_00289,false
MP_00290,false
MP_00291,false
MP_00292,false
MP_00293,false
MP_00294,false
MP_00295,false
MP_00296,false
MP_00297,false
MP_00298,false
MP_00299,false
MP_00300,false
MP_00301,false
MP_00302,false
MP_00303,false
MP_00304,false
MP_00305,false
MP_00306,false
MP_00307,false
MP_00308,false
MP_00309,false
MP_00310,false
MP_00311,false
MP_00312,false
MP_00313,false
MP_00314,false
MP_00315,false
MP_00316,false
MP_00317,false
MP_00318,false
MP_00319,false
MP_00320,false
MP_00321,false
MP_00322,false
MP_00323,false
MP_00324,false
MP_00325,false
MP_00326,false
MP_00327,false
MP_00328,false
MP_00329,false
MP_00330,false
MP_00331,false
MP_00332,false
MP_00333,false
MP_00334,false
MP_00335,false
MP_00336,false
MP_00337,false
MP_00338,false
MP_00339,false
MP_00340,false
MP_00341,false
MP_00342,false
MP_00343,false
MP_00344,false
MP_00345,false
MP_00346,false
MP_00347,false
MP_00348,false
MP_00349,false
MP_00350,false
MP_00351,false
MP_00352,false
MP_00353,false
MP_00354,false
MP_00355,false
MP_00356,false
MP_00357,false
MP_00358,false
MP_00359,false
MP_00360,false
MP_00361,false
MP_00362,false
MP_00363,false
MP_00364,false
MP_00365,false
MP_00366,false
MP_00367,false
MP_00368,false
MP_00369,false
MP_00370,false
MP_00371,false
MP_00372,false
MP_00373,false
MP_00374,false
MP_00375,false
MP_00376,false
MP_00377,false
MP_00378,false
MP_00379,false
MP_00380,false
MP_00381,false
MP_00382,false
MP_00383,false
MP_00384,false
MP_00385,false
MP_00386,false
MP_00387,false
MP_00388,false
MP_00389,false
MP_00390,false
MP_00391,false
MP_00392,false
MP_00393,false
MP_00394,false
MP_00395,false
MP_00396,false
MP_00397,false
MP_00398,false
MP_00399,false
MP_00400,false
MP_00401,false
MP_00402,false
MP_00403,false
MP_00404,false
MP_00405,false
MP_00406,false
MP_00407,false
MP_00408,false
MP_00409,false
MP_00410,false
MP_00411,false
MP_00412,false
MP_00413,false
MP_00414,false
MP_00415,false
MP_00416,false
MP_00417,false
MP_00418,false
MP_00419,false
MP_00420,false
MP_00421,false
MP_00422,false
MP_00423,false
MP_00424,false
MP_00425,false
MP_00426,false
MP_00427,false
MP_00428,false
MP_00429,false
MP_00430,false
MP_00431,false
MP_00432,false
MP_00433,false
MP_00434,false
MP_00435,false
MP_00436,false
MP_00437,false
MP_00438,false
MP_00439,false
MP_00440,false
MP_00441,false
MP_00442,false
MP_00443,false
MP_00444,false
MP_00445,false
MP_00446,false
MP_00447,false
MP_00448,false
MP_00449,false
MP_00450,false
MP_00451,false
MP_00452,false
MP_00453,false
MP_00454,false
MP_00455,false
MP_00456,false
MP_00457,false
MP_00458,false
MP_00459,false
MP_00460,false
MP_00461,false
MP_00462,false
MP_00463,false
MP_00464,false
MP_00465,false
MP_00466,false
MP_00467,false
MP_00468,false
MP_00469,false
MP_00470,false
MP_00471,false
MP_00472,false
MP_00473,false
MP_00474,false
MP_00475,false
MP_00476,false
MP_00477,false
MP_00478,false
MP_00479,false
MP_00480,false
MP_00481,false
MP_00482,false
MP_00483,false
MP_00484,false
MP_00485,false
MP_00486,false
MP_00487,false
MP_00488,false
MP_00489,false
MP_00490,false
MP_00491,false
MP_00492,false
MP_00493,false
MP_00494,false
MP_00495,false
MP_00496,false
MP_00497,false
MP_00498,false
MP_00499,false
MP_00500,false
MP_00501,false
MP_00502,false
MP_00503,false
MP_00504,false
MP_00505,false
MP_00506,false
MP_00507,false
MP_00508,false
MP_00509,false
MP_00510,false
MP_00511,false
MP_00512,false
MP_00513,false
MP_00514,false
MP_00515,false
MP_00516,false
MP_00517,false
MP_00518,false
MP_00519,false
MP_00520,false
MP_00521,false
MP_00522,false
MP_00523,false
MP_00524,false
MP_00525,false
MP_00526,false
MP_00527,false
MP_00528,false
MP_00529,false
MP_00530,false
MP_00531,false
MP_00532,false
MP_00533,false
MP_00534,false
MP_00535,false
MP_00536,false
MP_00537,false
MP_00538,false
MP_00539,false
MP_00540,false
MP_00541,false
MP_00542,false
MP_00543,false
MP_00544,false
MP_00545,false
MP_00546,false
MP_00547,false
MP_00548,false
MP_00549,false
MP_00550,false
MP_00551,false
MP_00552,false
MP_00553,false
MP_00554,false
MP_00555,false
MP_00556,false
MP_00557,false
MP_00558,false
MP_00559,false
MP_00560,false
MP_00561,false
MP_00562,false
MP_00563,false
MP_00564,false
MP_00565,false
MP_00566,false
MP_00567,false
MP_00568,false
MP_00569,false
MP_00570,false
MP_00571,false
MP_00572,false
MP_00573,false
MP_00574,false
MP_00575,false
MP_00576,false
MP_00577,false
MP_00578,false
MP_00579,false
MP_00580,false
MP_00581,false
MP_00582,false
MP_00583,false
MP_00584,false
MP_00585,false
MP_00586,false
MP_00587,false
MP_00588,false
MP_00589,false
MP_00590,false
MP_00591,false
MP_00592,false
MP_00593,false
MP_00594,false
MP_00595,false
MP_00596,false
MP_00597,false
MP_00598,false
MP_00599,false
MP_00600,false
MP_00601,false
MP_00602,false
MP_00603,false
MP_00604,false
MP_00605,false
MP_00606,false
MP_00607,false
MP_00608,false
MP_00609,false
MP_00610,false
MP_00611,false
MP_00612,false
MP_00613,false
MP_00614,false
MP_00615,false
MP_00616,false
MP_00617,false
MP_00618,false
MP_00619,false
MP_00620,false
MP_00621,false
MP_00622,false
MP_00623,false
MP_00624,false
MP_00625,false
MP_00626,false
MP_00627,false
MP_00628,false
MP_00629,false
MP_00630,false
MP_00631,false
MP_00632,false
MP_00633,false
MP_00634,false
MP_00635,false
MP_00636,false
MP_00637,false
MP_00638,false
MP_00639,false
MP_00640,false
MP_00641,false
MP_00642,false
MP_00643,false
MP_00644,false
MP_00645,false
MP_00646,false
MP_00647,false
MP_00648,false
MP_00649,false
MP_00650,false
MP_00651,false
MP_00652,false
MP_00653,false
MP_00654,false
MP_00655,false
MP_00656,false
MP_00657,false
MP_00658,false
MP_00659,false
MP_00660,false
MP_00661,false
MP_00662,false
MP_00663,false
MP_00664,false
MP_00665,false
MP_00666,false
MP_00667,false
MP_00668,false
MP_00669,false
MP_00670,false
MP_00671,false
MP_00672,false
MP_00673,false
MP_00674,false
MP_00675,false
MP_00676,false
MP_00677,false
MP_00678,false
MP_00679,false
MP_00680,false
MP_00681,false
MP_00682,false
MP_00683,false
MP_00684,false
MP_00685,false
MP_00686,false
MP_00687,false
MP_00688,false
MP_00689,false
MP_00690,false
MP_00691,false
MP_00692,false
MP_00693,false
MP_00694,false
MP_00695,false
MP_00696,false
MP_00697,false
MP_00698,false
MP_00699,false
MP_00700,false
MP_00701,false
MP_00702,false
MP_00703,false
MP_00704,false
MP_00705,false
MP_00706,false
MP_00707,false
MP_00708,false
MP_00709,false
MP_00710,false
MP_00711,false
MP_00712,false
MP_00713,false
MP_00714,false
MP_00715,false
MP_00716,false
MP_00717,false
MP_00718,false
MP_00719,false
MP_00720,false
MP_00721,false
MP_00722,false
MP_00723,false
MP_00724,false
MP_00725,false
MP_00726,false
MP_00727,false
MP_00728,false
MP_00729,false
MP_00730,false
MP_00731,false
MP_00732,false
MP_00733,false
MP_00734,false
MP_00735,false
MP_00736,false
MP_00737,false
MP_00738,false
MP_00739,false
MP_00740,false
MP_00741,false
MP_00742,false
MP_00743,false
MP_00744,false
MP_00745,false
MP_00746,false
MP_00747,false
MP_00748,false
MP_00749,false
MP_00750,false
MP_00751,false
MP_00752,false
MP_00753,false
MP_00754,false
MP_00755,false
MP_00756,false
MP_00757,false
MP_00758,false
MP_00759,false
MP_00760,false
MP_00761,false
MP_00762,false
MP_00763,false
MP_00764,false
MP_00765,false
MP_00766,false
MP_00767,false
MP_00768,false
MP_00769,false
MP_00770,false
MP_00771,false
MP_00772,false
MP_00773,false
MP_00774,false
MP_00775,false
MP_00776,false
MP_00777,false
MP_00778,false
MP_00779,false
MP_00780,false
MP_00781,false
MP_00782,false
MP_00783,false
MP_00784,false
MP_00785,false
MP_00786,false
MP_00787,false
MP_00788,false
MP_00789,false
MP_00790,false
MP_00791,false
MP_00792,false
MP_00793,false
MP_00794,false
MP_00795,false
MP_00796,false
MP_00797,false
MP_00798,false
MP_00799,false
MP_00800,false
MP_00801,false
MP_00802,false
MP_00803,false
MP_00804,false
MP_00805,false
MP_00806,false
MP_00807,false
MP_00808,false
MP_00809,false
MP_00810,false
MP_00811,false
MP_00812,false
MP_00813,false
MP_00814,false
MP_00815,false
MP_00816,false
MP_00817,false
MP_00818,false
MP_00819,false
MP_00820,false
MP_00821,false
MP_00822,false
MP_00823,false
MP_00824,false
MP_00825,false
MP_00826,false
MP_00827,false
MP_00828,false
MP_00829,false
MP_00830,false
MP_00831,false
MP_00832,false
MP_00833,false
MP_00834,false
MP_00835,false
MP_00836,false
MP_00837,false
MP_00838,false
MP_00839,false
MP_00840,false
MP_00841,false
MP_00842,false
MP_00843,false
MP_00844,false
MP_00845,false
MP_00846,false
MP_00847,false
MP_00848,false
MP_00849,false
MP_00850,false
MP_00851,false
MP_00852,false
MP_00853,false
MP_00854,false
MP_00855,false
MP_00856,false
MP_00857,false
MP_00858,false
MP_00859,false
MP_00860,false
MP_00861,false
MP_00862,false
MP_00863,false
MP_00864,false
MP_00865,false
MP_00866,false
MP_00867,false
MP_00868,false
MP_00869,false
MP_00870,false
MP_00871,false
MP_00872,false
MP_00873,false
MP_00874,false
MP_00875,false
MP_00876,false
MP_00877,false
MP_00878,false
MP_00879,false
MP_00880,false
MP_00881,false
MP_00882,false
MP_00883,false
MP_00884,false
MP_00885,false
MP_00886,false
MP_00887,false
MP_00888,false
MP_00889,false
MP_00890,false
MP_00891,false
MP_00892,false
MP_00893,false
MP_00894,false
MP_00895,false
MP_00896,false
MP_00897,false
MP_00898,false
MP_00899,false
MP_00900,false
MP_00901,false
MP_00902,false
MP_00903,false
MP_00904,false
MP_00905,false
MP_00906,false
MP_00907,false
MP_00908,false
MP_00909,false
MP_00910,false
MP_00911,false
MP_00912,false
MP_00913,false
MP_00914,false
MP_00915,false
MP_00916,false
MP_00917,false
MP_00918,false
MP_00919,false
MP_00920,false
MP_00921,false
MP_00922,false
MP_00923,false
MP_00924,false
MP_00925,false
MP_00926,false
MP_00927,false
MP_00928,false
MP_00929,false
MP_00930,false
MP_00931,false
MP_00932,false
MP_00933,false
MP_00934,false
MP_00935,false
MP_00936,false
MP_00937,false
MP_00938,false
MP_00939,false
MP_00940,false
MP_00941,false
MP_00942,false
MP_00943,false
MP_00944,false
MP_00945,false
MP_00946,false
MP_00947,false
MP_00948,false
MP_00949,false
MP_00950,false
MP_00951,false
MP_00952,false
MP_00953,false
MP_00954,false
MP_00955,false
MP_00956,false
MP_00957,false
MP_00958,false
MP_00959,false
MP_00960,false
MP_00961,false
MP_00962,false
MP_00963,false
MP_00964,false
MP_00965,false
MP_00966,false
MP_00967,false
MP_00968,false
MP_00969,false
MP_00970,false
MP_00971,false
MP_00972,false
MP_00973,false
MP_00974,false
MP_00975,false
MP_00976,false
MP_00977,false
MP_00978,false
MP_00979,false
MP_00980,false
MP_00981,false
MP_00982,false
MP_00983,false
MP_00984,false
MP_00985,false
MP_00986,false
MP_00987,false
MP_00988,false
MP_00989,false
MP_00990,false
MP_00991,false
MP_00992,false
MP_00993,false
MP_00994,false
MP_00995,false
MP_00996,false
MP_00997,false
MP_00998,false
MP_00999,false
MP_01000,false
MP_01001,false
MP_01002,false
MP_01003,false
MP_01004,false
MP_01005,false
MP_01006,false
MP_01007,false
MP_01008,false
MP_01009,false
MP_01010,false
MP_01011,false
MP_01012,false
MP_01013,false
MP_01014,false
MP_01015,false
MP_01016,false
MP_01017,false
MP_01018,false
MP_01019,false
MP_01020,false
MP_01021,false
MP_01022,false
MP_01023,false
MP_01024,false
MP_01025,false
MP_01026,false
MP_01027,false
MP_01028,false
MP_01029,false
MP_01030,false
MP_01031,false
MP_01032,false
MP_01033,false
MP_01034,false
MP_01035,false
MP_01036,false
MP_01037,false
MP_01038,false
MP_01039,false
MP_01040,false
MP_01041,false
MP_01042,false
MP_01043,false
MP_01044,false
MP_01045,false
MP_01046,false
MP_01047,false
MP_01048,false
MP_01049,false
MP_01050,false
MP_01051,false
MP_01052,false
MP_01053,false
MP_01054,false
MP_01055,false
MP_01056,false
MP_01057,false
MP_01058,false
MP_01059,false
MP_01060,false
MP_01061,false
MP_01062,false
MP_01063,false
MP_01064,false
MP_01065,false
MP_01066,false
MP_01067,false
MP_01068,false
MP_01069,false
MP_01070,false
MP_01071,false
MP_01072,false
MP_01073,false
MP_01074,false
MP_01075,false
MP_01076,false
MP_01077,false
MP_01078,false
MP_01079,false
MP_01080,false
MP_01081,false
MP_01082,false
MP_01083,false
MP_01084,false
MP_01085,false
MP_01086,false
MP_01087,false
MP_01088,false
MP_01089,false
MP_01090,false
MP_01091,false
MP_01092,false
MP_01093,false
MP_01094,false
MP_01095,false
MP_01096,false
MP_01097,false
MP_01098,false
MP_01099,false
MP_01100,false
MP_01101,false
MP_01102,false
MP_01103,false
MP_01104,false
MP_01105,false
MP_01106,false
MP_01107,false
MP_01108,false
MP_01109,false
MP_01110,false
MP_01111,false
MP_01112,false
MP_01113,false
MP_01114,false
MP_01115,false
MP_01116,false
MP_01117,false
MP_01118,false
MP_01119,false
MP_01120,false
MP_01121,false
MP_01122,false
MP_01123,false
MP_01124,false
MP_01125,false
MP_01126,false
MP_01127,false
MP_01128,false
MP_01129,false
MP_01130,false
MP_01131,false
MP_01132,false
MP_01133,false
MP_01134,false
MP_01135,false
MP_01136,false
MP_01137,false
MP_01138,false
MP_01139,false
MP_01140,false
MP_01141,false
MP_01142,false
MP_01143,false
MP_01144,false
MP_01145,false
MP_01146,false
MP_01147,false
MP_01148,false
MP_01149,false
MP_01150,false
MP_01151,false
MP_01152,false
MP_01153,false
MP_01154,false
MP_01155,false
MP_01156,false
MP_01157,false
MP_01158,false
MP_01159,false
MP_01160,false
MP_01161,false
MP_01162,false
MP_01163,false
MP_01164,false
MP_01165,false
MP_01166,false
MP_01167,false
MP_01168,false
MP_01169,false
MP_01170,false
MP_01171,false
MP_01172,false
MP_01173,false
MP_01174,false
MP_01175,false
MP_01176,false
MP_01177,false
MP_01178,false
MP_01179,false
MP_01180,false
MP_01181,false
MP_01182,false
MP_01183,false
MP_01184,false
MP_01185,false
MP_01186,false
MP_01187,false
MP_01188,false
MP_01189,false
MP_01190,false
MP_01191,false
MP_01192,false
MP_01193,false
MP_01194,false
MP_01195,false
MP_01196,false
MP_01197,false
MP_01198,false
MP_01199,false
MP_01200,false
MP_01201,false
MP_01202,false
MP_01203,false
MP_01204,false
MP_01205,false
MP_01206,false
MP_01207,false
MP_01208,false
MP_01209,false
MP_01210,false
MP_01211,false
MP_01212,false
MP_01213,false
MP_01214,false
MP_01215,false
MP_01216,false
MP_01217,false
MP_01218,false
MP_01219,false
MP_01220,false
MP_01221,false
MP_01222,false
MP_01223,false
MP_01224,false
MP_01225,false
MP_01226,false
MP_01227,false
MP_01228,false
MP_01229,false
MP_01230,false
MP_01231,false
MP_01232,false
MP_01233,false
MP_01234,false
MP_01235,false
MP_01236,false
MP_01237,false
MP_01238,false
MP_01239,false
MP_01240,false
MP_01241,false
MP_01242,false
MP_01243,false
MP_01244,false
MP_01245,false
MP_01246,false
MP_01247,false
MP_01248,false
MP_01249,false
MP_01250,false
MP_01251,false
MP_01252,false
MP_01253,false
MP_01254,false
MP_01255,false
MP_01256,false
MP_01257,false
MP_01258,false
MP_01259,false
MP_01260,false
MP_01261,false
MP_01262,false
MP_01263,false
MP_01264,false
MP_01265,false
MP_01266,false
MP_01267,false
MP_01268,false
MP_01269,false
MP_01270,false
MP_01271,false
MP_01272,false
MP_01273,false
MP_01274,false
MP_01275,false
MP_01276,false
MP_01277,false
MP_01278,false
MP_01279,false
MP_01280,false
MP_01281,false
MP_01282,false
MP_01283,false
MP_01284,false
MP_01285,false
MP_01286,false
MP_01287,false
MP_01288,false
MP_01289,false
MP_01290,false
MP_01291,false
MP_01292,false
MP_01293,false
MP_01294,false
MP_01295,false
MP_01296,false
MP_01297,false
MP_01298,false
MP_01299,false
MP_01300,false
MP_01301,false
MP_01302,false
MP_01303,false
MP_01304,false
MP_01305,false
MP_01306,false
MP_01307,false
MP_01308,false
MP_01309,false
MP_01310,false
MP_01311,false
MP_01312,false
MP_01313,false
MP_01314,false
MP_01315,false
MP_01316,false
MP_01317,false
MP_01318,false
MP_01319,false
MP_01320,false
MP_01321,false
MP_01322,false
MP_01323,false
MP_01324,false
MP_01325,false
MP_01326,false
MP_01327,false
MP_01328,false
MP_01329,false
MP_01330,false
MP_01331,false
MP_01332,false
MP_01333,false
MP_01334,false
MP_01335,false
MP_01336,false
MP_01337,false
MP_01338,false
MP_01339,false
MP_01340,false
MP_01341,false
MP_01342,false
MP_01343,false
MP_01344,false
MP_01345,false
MP_01346,false
MP_01347,false
MP_01348,false
MP_01349,false
MP_01350,false
MP_01351,false
MP_01352,false
MP_01353,false
MP_01354,false
MP_01355,false
MP_01356,false
MP_01357,false
MP_01358,false
MP_01359,false
MP_01360,false
MP_01361,false
MP_01362,false
MP_01363,false
MP_01364,false
MP_01365,false
MP_01366,false
MP_01367,false
MP_01368,false
MP_01369,false
MP_01370,false
MP_01371,false
MP_01372,false
MP_01373,false
MP_01374,false
MP_01375,false
MP_01376,false
MP_01377,false
MP_01378,false
MP_01379,false
MP_01380,false
MP_01381,false
MP_01382,false
MP_01383,false
MP_01384,false
MP_01385,false
MP_01386,false
MP_01387,false
MP_01388,false
MP_01389,false
MP_01390,false
MP_01391,false
MP_01392,false
MP_01393,false
MP_01394,false
MP_01395,false
MP_01396,false
MP_01397,false
MP_01398,false
MP_01399,false
MP_01400,false
MP_01401,false
MP_01402,false
MP_01403,false
MP_01404,false
MP_01405,false
MP_01406,false
MP_01407,false
MP_01408,false
MP_01409,false
MP_01410,false
MP_01411,false
MP_01412,false
MP_01413,false
MP_01414,false
MP_01415,false
MP_01416,false
MP_01417,false
MP_01418,false
MP_01419,false
MP_01420,false
MP_01421,false
MP_01422,false
MP_01423,false
MP_01424,false
MP_01425,false
MP_01426,false
MP_01427,false
MP_01428,false
MP_01429,false
MP_01430,false
MP_01431,false
MP_01432,false
MP_01433,false
MP_01434,false
MP_01435,false
MP_01436,false
MP_01437,false
MP_01438,false
MP_01439,false
MP_01440,false
MP_01441,false
MP_01442,false
MP_01443,false
MP_01444,false
MP_01445,false
MP_01446,false
MP_01447,false
MP_01448,false
MP_01449,false
MP_01450,false
MP_01451,false
MP_01452,false
MP_01453,false
MP_01454,false
MP_01455,false
MP_01456,false
MP_01457,false
MP_01458,false
MP_01459,false
MP_01460,false
MP_01461,false
MP_01462,false
MP_01463,false
MP_01464,false
MP_01465,false
MP_01466,false
MP_01467,false
MP_01468,false
MP_01469,false
MP_01470,false
MP_01471,false
MP_01472,false
MP_01473,false
MP_01474,false
MP_01475,false
MP_01476,false
MP_01477,false
MP_01478,false
MP_01479,false
MP_01480,false
MP_01481,false
MP_01482,false
MP_01483,false
MP_01484,false
MP_01485,false
MP_01486,false
MP_01487,false
MP_01488,false
MP_01489,false
MP_01490,false
MP_01491,false
MP_01492,false
MP_01493,false
MP_01494,false
MP_01495,false
MP_01496,false
MP_01497,false
MP_01498,false
MP_01499,false
MP_01500,false
MP_01501,false
MP_01502,false
MP_01503,false
MP_01504,false
MP_01505,false
MP_01506,false
MP_01507,false
MP_01508,false
MP_01509,false
MP_01510,false
MP_01511,false
MP_01512,false
MP_01513,false
MP_01514,false
MP_01515,false
MP_01516,false
MP_01517,false
MP_01518,false
MP_01519,false
MP_01520,false
MP_01521,false
MP_01522,false
MP_01523,false
MP_01524,false
MP_01525,false
MP_01526,false
MP_01527,false
MP_01528,false
MP_01529,false
MP_01530,false
MP_01531,false
MP_01532,false
MP_01533,false
MP_01534,false
MP_01535,false
MP_01536,false
MP_01537,false
MP_01538,false
MP_01539,false
MP_01540,false
MP_01541,false
MP_01542,false
MP_01543,false
MP_01544,false
MP_01545,false
MP_01546,false
MP_01547,false
MP_01548,false
MP_01549,false
MP_01550,false
MP_01551,false
MP_01552,false
MP_01553,false
MP_01554,false
MP_01555,false
MP_01556,false
MP_01557,false
MP_01558,false
MP_01559,false
MP_01560,false
MP_01561,false
MP_01562,false
MP_01563,false
MP_01564,false
MP_01565,false
MP_01566,false
MP_01567,false
MP_01568,false
MP_01569,false
MP_01570,false
MP_01571,false
MP_01572,false
MP_01573,false
MP_01574,false
MP_01575,false
MP_01576,false
MP_01577,false
MP_01578,false
MP_01579,false
MP_01580,false
MP_01581,false
MP_01582,false
MP_01583,false
MP_01584,false
MP_01585,false
MP_01586,false
MP_01587,false
MP_01588,false
MP_01589,false
MP_01590,false
MP_01591,false
MP_01592,false
MP_01593,false
MP_01594,false
MP_01595,false
MP_01596,false
MP_01597,false
MP_01598,false
MP_01599,false
MP_01600,false
MP_01601,false
MP_01602,false
MP_01603,false
MP_01604,false
MP_01605,false
MP_01606,false
MP_01607,false
MP_01608,false
MP_01609,false
MP_01610,false
MP_01611,false
MP_01612,false
MP_01613,false
MP_01614,false
MP_01615,false
MP_01616,false
MP_01617,false
MP_01618,false
MP_01619,false
MP_01620,false
MP_01621,false
MP_01622,false
MP_01623,false
MP_01624,false
MP_01625,false
MP_01626,false
MP_01627,false
MP_01628,false
MP_01629,false
MP_01630,false
MP_01631,false
MP_01632,false
MP_01633,false
MP_01634,false
MP_01635,false
MP_01636,false
MP_01637,false
MP_01638,false
MP_01639,false
MP_01640,false
MP_01641,false
MP_01642,false
MP_01643,false
MP_01644,false
MP_01645,false
MP_01646,false
MP_01647,false
MP_01648,false
MP_01649,false
MP_01650,false
MP_01651,false
MP_01652,false
MP_01653,false
MP_01654,false
MP_01655,false
MP_01656,false
MP_01657,false
MP_01658,false
MP_01659,false
MP_01660,false
MP_01661,false
MP_01662,false
MP_01663,false
MP_01664,false
MP_01665,false
MP_01666,false
MP_01667,false
MP_01668,false
MP_01669,false
MP_01670,false
MP_01671,false
MP_01672,false
MP_01673,false
MP_01674,false
MP_01675,false
MP_01676,false
MP_01677,false
MP_01678,false
MP_01679,false
MP_01680,false
MP_01681,false
MP_01682,false
MP_01683,false
MP_01684,false
MP_01685,false
MP_01686,false
MP_01687,false
MP_01688,false
MP_01689,false
MP_01690,false
MP_01691,false
MP_01692,false
MP_01693,false
MP_01694,false
MP_01695,false
MP_01696,false
MP_01697,false
MP_01698,false
MP_01699,false
MP_01700,false
MP_01701,false
MP_01702,false
MP_01703,false
MP_01704,false
MP_01705,false
MP_01706,false
MP_01707,false
MP_01708,false
MP_01709,false
MP_01710,false
MP_01711,false
MP_01712,false
MP_01713,false
MP_01714,false
MP_01715,false
MP_01716,false
MP_01717,false
MP_01718,false
MP_01719,false
MP_01720,false
MP_01721,false
MP_01722,false
MP_01723,false
MP_01724,false
MP_01725,false
MP_01726,false
MP_01727,false
MP_01728,false
MP_01729,false
MP_01730,false
MP_01731,false
MP_01732,false
MP_01733,false
MP_01734,false
MP_01735,false
MP_01736,false
MP_01737,false
MP_01738,false
MP_01739,false
MP_01740,false
MP_01741,false
MP_01742,false
MP_01743,false
MP_01744,false
MP_01745,false
MP_01746,false
MP_01747,false
MP_01748,false
MP_01749,false
MP_01750,false
MP_01751,false
MP_01752,false
MP_01753,false
MP_01754,false
MP_01755,false
MP_01756,false
MP_01757,false
MP_01758,false
MP_01759,false
MP_01760,false
MP_01761,false
MP_01762,false
MP_01763,false
MP_01764,false
MP_01765,false
MP_01766,false
MP_01767,false
MP_01768,false
MP_01769,false
MP_01770,false
MP_01771,false
MP_01772,false
MP_01773,false
MP_01774,false
MP_01775,false
MP_01776,false
MP_01777,false
MP_01778,false
MP_01779,false
MP_01780,false
MP_01781,false
MP_01782,false
MP_01783,false
MP_01784,false
MP_01785,false
MP_01786,false
MP_01787,false
MP_01788,false
MP_01789,false
MP_01790,false
MP_01791,false
MP_01792,false
MP_01793,false
MP_01794,false
MP_01795,false
MP_01796,false
MP_01797,false
MP_01798,false
MP_01799,false
MP_01800,false
MP_01801,false
MP_01802,false
MP_01803,false
MP_01804,false
MP_01805,false
MP_01806,false
MP_01807,false
MP_01808,false
MP_01809,false
MP_01810,false
MP_01811,false
MP_01812,false
MP_01813,false
MP_01814,false
MP_01815,false
MP_01816,false
MP_01817,false
MP_01818,false
MP_01819,false
MP_01820,false
MP_01821,false
MP_01822,false
MP_01823,false
MP_01824,false
MP_01825,false
MP_01826,false
MP_01827,false
MP_01828,false
MP_01829,false
MP_01830,false
MP_01831,false
MP_01832,false
MP_01833,false
MP_01834,false
MP_01835,false
MP_01836,false
MP_01837,false
MP_01838,false
MP_01839,false
MP_01840,false
MP_01841,false
MP_01842,false
MP_01843,false
MP_01844,false
MP_01845,false
MP_01846,false
MP_01847,false
MP_01848,false
MP_01849,false
MP_01850,false
MP_01851,false
MP_01852,false
MP_01853,false
MP_01854,false
MP_01855,false
MP_01856,false
MP_01857,false
MP_01858,false
MP_01859,false
MP_01860,false
MP_01861,false
MP_01862,false
MP_01863,false
MP_01864,false
MP_01865,false
MP_01866,false
MP_01867,false
MP_01868,false
MP_01869,false
MP_01870,false
MP_01871,false
MP_01872,false
MP_01873,false
MP_01874,false
MP_01875,false
MP_01876,false
MP_01877,false
MP_01878,false
MP_01879,false
MP_01880,false
MP_01881,false
MP_01882,false
MP_01883,false
MP_01884,false
MP_01885,false
MP_01886,false
MP_01887,false
MP_01888,false
MP_01889,false
MP_01890,false
MP_01891,false
MP_01892,false
MP_01893,false
MP_01894,false
MP_01895,false
MP_01896,false
MP_01897,false
MP_01898,false
MP_01899,false
MP_01900,false
MP_01901,false
MP_01902,false
MP_01903,false
MP_01904,false
MP_01905,false
MP_01906,false
MP_01907,false
MP_01908,false
MP_01909,false
MP_01910,false
MP_01911,false
MP_01912,false
MP_01913,false
MP_01914,false
MP_01915,false
MP_01916,false
MP_01917,false
MP_01918,false
MP_01919,false
MP_01920,false
MP_01921,false
MP_01922,false
MP_01923,false
MP_01924,false
MP_01925,false
MP_01926,false
MP_01927,false
MP_01928,false
MP_01929,false
MP_01930,false
MP_01931,false
MP_01932,false
MP_01933,false
MP_01934,false
MP_01935,false
MP_01936,false
MP_01937,false
MP_01938,false
MP_01939,false
MP_01940,false
MP_01941,false
MP_01942,false
MP_01943,false
MP_01944,false
MP_01945,false
MP_01946,false
MP_01947,false
MP_01948,false
MP_01949,false
MP_01950,false
MP_01951,false
MP_01952,false
MP_01953,false
MP_01954,false
MP_01955,false
MP_01956,false
MP_01957,false
MP_01958,false
MP_01959,false
MP_01960,false
MP_01961,false
MP_01962,false
MP_01963,false
MP_01964,false
MP_01965,false
MP_01966,false
MP_01967,false
MP_01968,false
MP_01969,false
MP_01970,false
MP_01971,false
MP_01972,false
MP_01973,false
MP_01974,false
MP_01975,false
MP_01976,false
MP_01977,false
MP_01978,false
MP_01979,false
MP_01980,false
MP_01981,false
MP_01982,false
MP_01983,false
MP_01984,false
MP_01985,false
MP_01986,false
MP_01987,false
MP_01988,false
MP_01989,false
MP_01990,false
MP_01991,false
MP_01992,false
MP_01993,false
MP_01994,false
MP_01995,false
MP_01996,false
MP_01997,false
MP_01998,false
MP_01999,false
MP_02000,false
MP_02001,false
MP_02002,false
